Type,Name,Request Count,Failure Count,Median Response Time,Average Response Time,Min Response Time,Max Response Time,Average Content Size,Requests/s,Failures/s,50%,66%,75%,80%,90%,95%,98%,99%,99.9%,99.99%,100%
GET,GET /correlation (с параметрами),3,0,16000.0,14864.324533334488,2316.6979000016,26642.844000001787,7283.0,0.051110811882828976,0.0,16000,16000,27000,27000,27000,27000,27000,27000,27000,27000,27000
GET,GET /correlation (форма),71,0,13000.0,12875.116539436549,75.98439999856055,26777.332599998772,7316.225352112676,1.2096225478936191,0.0,13000,18000,21000,22000,24000,26000,27000,27000,27000,27000,27000
GET,GET /correlation_binance (с параметрами),3,0,17000.0,16610.585499999917,14942.7276000024,17877.237000000605,10493.666666666666,0.051110811882828976,0.0,17000,17000,18000,18000,18000,18000,18000,18000,18000,18000,18000
GET,GET /correlation_binance (форма),56,0,9200.0,10442.723699999726,75.53529999859165,26764.677700000902,10523.5,0.9540684884794742,0.0,10000,15000,17000,20000,23000,25000,25000,27000,27000,27000,27000
POST,POST /correlation (расчет),32,0,8300.0,10454.366637500014,1486.1473999990267,25749.438900002133,7596.71875,0.5451819934168424,0.0,9300,13000,15000,17000,20000,25000,26000,26000,26000,26000,26000
POST,POST /correlation_binance (расчет),32,0,12000.0,13920.140875000247,1493.5484999987239,28112.747799998033,13896.90625,0.5451819934168424,0.0,13000,20000,22000,22000,25000,28000,28000,28000,28000,28000,28000
,Aggregated,197,0,11000.0,12047.384629441578,75.53529999859165,28112.747799998033,9390.324873096446,3.356276646972436,0.0,11000,16000,19000,21000,24000,26000,27000,28000,28000,28000,28000
