Type,Name,Request Count,Failure Count,Median Response Time,Average Response Time,Min Response Time,Max Response Time,Average Content Size,Requests/s,Failures/s,50%,66%,75%,80%,90%,95%,98%,99%,99.9%,99.99%,100%
GET,GET /correlation (с параметрами),21,0,54,366.19969047630246,29.473400001734262,1279.3815000004543,7287.380952380952,0.11771952941598741,0.0,54,510,610,780,1100,1100,1300,1300,1300,1300,1300
GET,GET /correlation (форма),69,0,39,562.7761521737621,26.815900000656256,4595.86809999746,7292.536231884058,0.38679273950967297,0.0,39,430,670,850,1600,2400,4600,4600,4600,4600,4600
GET,GET /correlation_binance (с параметрами),20,0,31,82.79078499981551,21.779599999717902,1073.0630999969435,10491.8,0.11211383753903564,0.0,31,34,35,36,45,1100,1100,1100,1100,1100,1100
GET,GET /correlation_binance (форма),58,0,42,296.30402241384905,27.08120000170311,3591.0021999989112,10495.931034482759,0.32513012886320336,0.0,42,110,280,580,990,1100,1600,3600,3600,3600,3600
POST,POST /correlation (расчет),67,0,2300.0,2101.0940104476244,28.47009999823058,4277.155600000697,7629.089552238806,0.3755813557557694,0.0,2300,2300,2300,2300,2800,3300,4200,4300,4300,4300,4300
POST,POST /correlation_binance (расчет),58,0,1800.0,2127.272249999931,437.1164000003773,6885.8074999989185,17213.620689655174,0.32513012886320336,0.0,1900,2300,3200,3800,4800,5600,5800,6900,6900,6900,6900
,Aggregated,293,0,460.0,1124.6357890784236,21.779599999717902,6885.8074999989185,10185.525597269625,1.642467719946872,0.0,460,1400,2300,2300,2500,4100,4800,5600,6900,6900,6900
